province,year,fiscal_sci_tech_exp,tech_market_turnover,patent_apply_total,fiscal_expenditure,patent_grant_total,gdp,invention_apply,invention_grant,sci_tech_exp_ratio,patent_grant_ratio,invention_share,province_rd_intensity,gdp_estimated_from_rd,ln_gdp,province_rd_exp
上海市,2011,218.5,480.75,80215.0,3914.88,47960.0,20406.1,32142.0,9160.0,5.58,59.8,40.1,,,9.92,
上海市,2012,245.43,518.75,82682.0,4184.02,51508.0,21774.9,37139.0,11379.0,5.87,62.3,44.9,,,9.99,
上海市,2013,257.66,531.68,86450.0,4528.61,48680.0,23809.4,39157.0,10644.0,5.69,56.3,45.3,,,10.08,
上海市,2014,262.29,592.45,81664.0,4923.44,50488.0,25964.5,39133.0,11614.0,5.33,61.8,47.9,,,10.16,
上海市,2015,271.85,663.78,100006.0,6191.56,60623.0,27821.6,46976.0,17601.0,4.39,60.6,47.0,,,10.23,
上海市,2016,341.71,780.99,119937.0,6918.94,64230.0,30963.9,54339.0,20086.0,4.94,53.6,45.3,,,10.34,
上海市,2017,389.9,810.62,131740.0,7547.62,72806.0,34378.3,54630.0,20681.0,5.17,55.3,41.5,3.505699816453984,,10.45,1205.2
上海市,2018,426.37,1225.19,150233.0,8351.54,92460.0,37769.1,62755.0,21331.0,5.11,61.5,41.8,3.5987089975667943,,10.54,1359.2
上海市,2019,389.54,1422.35,173586.0,8179.28,100587.0,40241.2,71398.0,22735.0,4.76,57.9,41.1,3.7886544138842777,,10.6,1524.6
上海市,2020,406.2,1583.22,210293.0,8102.11,139780.0,41603.9,81042.0,24208.0,5.01,66.5,38.5,3.8835301498176857,,10.64,1615.7
上海市,2021,422.7,2545.49,232918.0,8430.86,179317.0,47059.4,92527.0,32860.0,5.01,77.0,39.7,3.8670276289115457,,10.76,1819.8
上海市,2022,386.25,3870.73,224409.0,9393.0,178323.0,48594.5,89448.0,36797.0,4.11,79.5,39.9,4.077827737706942,,10.79,1981.6
上海市,2023,528.05,4642.34,246656.0,9638.51,159115.0,51404.5,97066.0,44345.0,5.48,64.5,39.4,3.9871995642404845,,10.85,2049.6
上海市,2024,,5009.32,243656.0,9874.84,150766.0,53759.5,100217.0,50676.0,,61.9,41.1,4.359601558794259,53878.0,10.89,2343.7
云南省,2011,28.3,11.71,7150.0,2929.6,4199.0,9666.2,2796.0,1006.0,0.97,58.7,39.1,,,9.18,
云南省,2012,32.67,45.48,9260.0,3572.66,5853.0,11266.3,3324.0,1301.0,0.91,63.2,35.9,,,9.33,
云南省,2013,42.59,42.0,11512.0,4096.51,6804.0,13027.0,3961.0,1312.0,1.04,59.1,34.4,,,9.47,
云南省,2014,43.15,47.92,13343.0,4437.98,8124.0,14275.1,4732.0,1423.0,0.97,60.9,35.5,,,9.57,
云南省,2015,48.56,51.84,17603.0,4712.83,11658.0,15358.6,6301.0,2079.0,1.03,66.2,35.8,,,9.64,
云南省,2016,46.86,58.26,23709.0,5018.86,12032.0,16773.6,7907.0,2125.0,0.93,50.7,33.4,,,9.73,
云南省,2017,53.42,84.76,28695.0,5712.97,14230.0,18864.6,7801.0,2259.0,0.94,49.6,27.2,0.8364873890779556,,9.85,157.8
云南省,2018,54.94,89.49,36515.0,6075.03,20340.0,21427.5,9606.0,2297.0,0.9,55.7,26.3,0.874110372185276,,9.97,187.3
云南省,2019,59.0,82.7,35212.0,6770.09,22324.0,23902.1,8996.0,2174.0,0.87,63.4,25.5,0.9204212182193198,,10.08,220.0
云南省,2020,64.94,49.95,45153.0,6974.02,28943.0,25214.5,9753.0,2458.0,0.93,64.1,21.6,0.9756291023022468,,10.14,246.0
云南省,2021,61.85,106.1,47997.0,6634.36,41167.0,27895.3,10293.0,3643.0,0.93,85.8,21.4,1.0105645036977555,,10.24,281.9
云南省,2022,58.97,218.95,52999.0,6699.79,39497.0,29301.1,12036.0,4091.0,0.88,74.5,22.7,1.069925702448031,,10.29,313.5
云南省,2023,61.33,268.88,54207.0,6730.08,32718.0,30595.8,12493.0,5907.0,0.91,60.4,23.0,,,10.33,
云南省,2024,,337.18,61964.0,6862.92,33754.0,31423.4,14231.0,6396.0,,54.5,23.0,1.1691923852924888,31402.0,10.36,367.4
内蒙古自治区,2011,28.21,22.67,3841.0,2989.21,2262.0,9610.8,1267.0,364.0,0.94,58.9,33.0,,,9.17,
内蒙古自治区,2012,27.61,106.1,4732.0,3425.99,3084.0,10638.9,1492.0,569.0,0.81,65.2,31.5,,,9.27,
内蒙古自治区,2013,31.64,38.74,6388.0,3686.52,3836.0,11584.9,1935.0,549.0,0.86,60.1,30.3,,,9.36,
内蒙古自治区,2014,32.87,13.94,6359.0,3879.98,4031.0,12377.3,1924.0,458.0,0.85,63.4,30.3,,,9.42,
内蒙古自治区,2015,35.72,15.39,8876.0,4252.96,5522.0,13062.7,2254.0,797.0,0.84,62.2,25.4,,,9.48,
内蒙古自治区,2016,32.38,12.05,10672.0,4512.71,5846.0,13879.0,2878.0,871.0,0.72,54.8,27.0,,,9.54,
内蒙古自治区,2017,33.67,19.61,11701.0,4529.93,6271.0,15009.9,2845.0,848.0,0.74,53.6,24.3,0.8814182639457959,,9.62,132.3
内蒙古自治区,2018,26.05,19.84,16426.0,4831.46,9625.0,16252.9,3757.0,864.0,0.54,58.6,22.9,0.7949350577435411,,9.7,129.2
内蒙古自治区,2019,28.49,22.48,21069.0,5100.91,11059.0,17479.4,4889.0,911.0,0.56,52.5,23.2,0.8455667814684714,,9.77,147.8
内蒙古自治区,2020,32.38,35.95,26224.0,5270.16,17958.0,17623.4,5381.0,1162.0,0.61,68.5,20.5,0.9141255376374592,,9.78,161.1
内蒙古自治区,2021,35.28,41.15,29462.0,5239.57,24362.0,21584.8,5998.0,1651.0,0.67,82.7,20.4,0.8807123531373929,,9.98,190.1
内蒙古自治区,2022,42.99,51.3,32921.0,5887.7,24640.0,23795.7,6676.0,2054.0,0.73,74.8,20.3,0.8804111667233996,,10.08,209.5
内蒙古自治区,2023,74.97,60.98,39138.0,6836.24,22258.0,25020.5,8248.0,3391.0,1.1,56.9,21.1,,,10.13,
内蒙古自治区,2024,,75.99,45934.0,6916.71,25828.0,26337.0,11625.0,4289.0,,56.2,25.3,0.9477161407905228,26274.0,10.18,249.6
北京市,2011,183.07,1890.28,77955.0,3245.23,40888.0,17653.3,45057.0,15880.0,5.64,52.5,57.8,,,9.78,
北京市,2012,199.94,2458.5,92305.0,3685.31,50511.0,19568.3,52720.0,20140.0,5.43,54.7,57.1,,,9.88,
北京市,2013,234.67,2851.72,123336.0,4173.66,62671.0,21746.0,67554.0,20695.0,5.62,50.8,54.8,,,9.99,
北京市,2014,282.71,3137.19,138111.0,4524.67,74661.0,23577.5,78129.0,23237.0,6.25,54.1,56.6,,,10.07,
北京市,2015,287.8,3453.89,156312.0,5737.7,94031.0,26034.1,88930.0,35308.0,5.02,60.2,56.9,,,10.17,
北京市,2016,285.78,3940.98,189129.0,6406.77,100578.0,28438.7,104643.0,40602.0,4.46,53.2,55.3,,,10.26,
北京市,2017,361.76,4486.89,185928.0,6824.53,106948.0,31325.9,99167.0,46091.0,5.3,57.5,53.3,5.042792066628572,,10.35,1579.7
北京市,2018,425.87,4957.82,211212.0,7471.43,123496.0,35161.4,117664.0,46978.0,5.7,58.5,55.7,5.3206072568214005,,10.47,1870.8
北京市,2019,433.42,5695.28,226113.0,7408.19,131716.0,37767.0,129930.0,53127.0,5.85,58.3,57.5,5.914157862684354,,10.54,2233.6
北京市,2020,410.96,6316.16,254165.0,7116.18,162824.0,38503.6,145035.0,63266.0,5.78,64.1,57.1,6.04255186528013,,10.56,2326.6
北京市,2021,449.45,7005.65,283134.0,7205.12,198778.0,44350.7,167608.0,79210.0,6.24,70.2,59.2,5.928429540007261,,10.7,2629.3
北京市,2022,488.7,7947.51,307175.0,7469.15,202722.0,45222.4,189198.0,88127.0,6.54,66.0,61.6,6.287370860458534,,10.72,2843.3
北京市,2023,521.91,8536.94,318984.0,7971.25,193973.0,47353.7,205179.0,107875.0,6.55,60.8,64.3,6.223589708935099,,10.77,2947.1
北京市,2024,,9153.26,321445.0,8396.49,199702.0,49670.2,210052.0,119635.0,,62.1,65.3,6.600335815035978,49824.0,10.81,3278.4
吉林省,2011,21.18,26.26,8196.0,2201.74,4920.0,7857.7,3334.0,1202.0,0.96,60.0,40.7,,,8.97,
吉林省,2012,24.96,25.12,9171.0,2471.2,5930.0,8831.3,3913.0,1583.0,1.01,64.7,42.7,,,9.09,
吉林省,2013,37.22,34.72,10751.0,2744.81,6219.0,9608.6,4549.0,1496.0,1.36,57.8,42.3,,,9.17,
吉林省,2014,36.45,28.58,11933.0,2913.25,6696.0,10077.0,5288.0,1434.0,1.25,56.1,44.3,,,9.22,
吉林省,2015,41.39,26.47,14800.0,3217.1,8878.0,10162.9,6154.0,2240.0,1.29,60.0,41.6,,,9.23,
吉林省,2016,41.01,116.42,18922.0,3586.09,9995.0,10603.5,7537.0,2428.0,1.14,52.8,39.8,,,9.27,
吉林省,2017,46.84,219.92,20450.0,3725.72,11090.0,11083.0,7780.0,3057.0,1.26,54.2,38.0,1.154921952539926,,9.31,128.0
吉林省,2018,41.1,341.95,27034.0,3789.59,13885.0,11437.4,10530.0,2868.0,1.08,51.4,39.0,1.0054732718974593,,9.34,115.0
吉林省,2019,39.18,474.13,31052.0,3933.42,15579.0,11949.4,11269.0,3006.0,1.0,50.2,36.3,1.2419033591644768,,9.39,148.4
吉林省,2020,39.94,462.15,34438.0,4127.17,23951.0,12499.5,11113.0,3969.0,0.97,69.5,32.3,1.2760510420416817,,9.43,159.5
吉林省,2021,38.43,108.15,38807.0,3696.84,29879.0,13431.1,12680.0,5730.0,1.04,77.0,32.7,1.367721184415275,,9.51,183.7
吉林省,2022,22.38,36.95,42522.0,4044.01,29534.0,13121.4,15518.0,6483.0,0.55,69.5,36.5,1.4274391452131634,,9.48,187.3
吉林省,2023,38.54,84.0,46407.0,4406.85,26637.0,13942.7,17576.0,7619.0,0.87,57.4,37.9,,,9.54,
吉林省,2024,,208.82,49301.0,4672.94,27023.0,14305.0,21148.0,9749.0,,54.8,42.9,1.6197133869276477,14391.0,9.57,231.7
四川省,2011,45.75,67.83,49734.0,4674.92,28446.0,21313.1,11808.0,3270.0,0.98,57.2,23.7,,,9.97,
四川省,2012,59.4,111.24,66312.0,5450.99,42218.0,24224.9,16368.0,4460.0,1.09,63.7,24.7,,,10.1,
四川省,2013,69.51,148.58,82453.0,6220.91,46171.0,26858.4,23510.0,4566.0,1.12,56.0,28.5,,,10.2,
四川省,2014,81.76,199.05,91167.0,6796.61,47120.0,29357.5,29926.0,5682.0,1.2,51.7,32.8,,,10.29,
四川省,2015,96.69,282.32,110746.0,7497.51,64953.0,30829.1,40437.0,9105.0,1.29,58.7,36.5,,,10.34,
四川省,2016,101.09,299.3,142522.0,8008.89,62445.0,33879.2,54277.0,10350.0,1.26,43.8,38.1,,,10.43,
四川省,2017,106.57,405.83,167484.0,8694.76,64006.0,38517.1,64642.0,11367.0,1.23,38.2,38.6,1.6558879043333998,,10.56,637.8
四川省,2018,147.91,996.7,152987.0,9707.5,87372.0,43539.0,53805.0,11697.0,1.52,57.1,35.2,1.6929649279955903,,10.68,737.1
四川省,2019,184.95,1211.95,131529.0,10348.17,82066.0,47168.6,39539.0,12053.0,1.79,62.4,30.1,1.846567419851342,,10.76,871.0
四川省,2020,181.7,1244.59,160036.0,11198.54,108386.0,49445.1,41417.0,14187.0,1.62,67.7,25.9,2.134286309462414,,10.81,1055.3
四川省,2021,273.12,1388.69,163664.0,11215.69,146936.0,55131.3,45358.0,19337.0,2.44,89.8,27.7,2.202922840564253,,10.92,1214.5
四川省,2022,229.12,1643.53,165499.0,11914.66,135507.0,57609.4,48283.0,25458.0,1.92,81.9,29.2,2.1090308178873585,,10.96,1215.0
四川省,2023,244.12,1942.15,180303.0,12732.79,113073.0,61353.4,53454.0,33339.0,1.92,62.7,29.6,2.2130802856891387,,11.02,1357.8
四川省,2024,,2596.48,192379.0,13447.16,114376.0,64537.9,58261.0,31567.0,,59.5,30.3,2.3223563208595257,64603.0,11.08,1498.8
天津市,2011,60.17,169.38,38489.0,1796.33,13982.0,8240.8,10623.0,2528.0,3.35,36.3,27.6,,,9.02,
天津市,2012,76.45,232.33,41009.0,2143.21,19782.0,9193.0,13587.0,3326.0,3.57,48.2,33.1,,,9.13,
天津市,2013,92.81,276.16,60915.0,2549.21,24856.0,10075.2,21946.0,3141.0,3.64,40.8,36.0,,,9.22,
天津市,2014,109.0,388.56,63422.0,2884.7,26351.0,10749.2,23391.0,3279.0,3.78,41.5,36.9,,,9.28,
天津市,2015,120.82,503.44,79963.0,3232.35,37342.0,10889.2,28510.0,4624.0,3.74,46.7,35.7,,,9.3,
天津市,2016,125.18,552.64,106514.0,3699.43,39734.0,11487.0,38153.0,5185.0,3.38,37.3,35.8,,,9.35,
天津市,2017,115.99,551.44,86996.0,3282.54,41675.0,12468.2,25652.0,5844.0,3.53,47.9,29.5,3.678959272388957,,9.43,458.7
天津市,2018,106.68,685.59,99038.0,3103.16,54680.0,13411.1,26661.0,5626.0,3.44,55.2,26.9,3.6715854777013073,,9.5,492.4
天津市,2019,109.93,909.25,96045.0,3555.71,57799.0,14097.2,24574.0,5025.0,3.09,60.2,25.6,3.2843401526544276,,9.55,463.0
天津市,2020,118.17,1089.56,111514.0,3151.35,75434.0,14230.8,22057.0,5262.0,3.75,67.6,19.8,3.408100739241645,,9.56,485.0
天津市,2021,103.97,1256.83,90471.0,3152.55,97910.0,16093.2,21370.0,7376.0,3.3,108.2,23.6,3.5685879750453604,,9.69,574.3
天津市,2022,62.16,1650.87,84335.0,2729.83,71545.0,16588.5,21466.0,11745.0,2.28,84.8,25.5,3.4282786267595027,,9.72,568.7
天津市,2023,77.03,1928.56,91141.0,3280.42,59154.0,17211.8,24263.0,14319.0,2.35,64.9,26.6,,,9.75,
天津市,2024,,2120.25,93371.0,3627.18,58022.0,17931.3,27037.0,14985.0,,62.1,29.0,3.460987212304741,18041.0,9.79,620.6
宁夏回族自治区,2011,7.87,3.94,1079.0,705.91,613.0,1959.3,442.0,103.0,1.11,56.8,41.0,,,7.58,
宁夏回族自治区,2012,9.61,2.91,1985.0,864.36,844.0,2162.0,846.0,140.0,1.11,42.5,42.6,,,7.68,
宁夏回族自治区,2013,10.69,1.43,3230.0,922.48,1211.0,2364.9,1792.0,184.0,1.16,37.5,55.5,,,7.77,
宁夏回族自治区,2014,11.66,3.18,3532.0,1000.45,1424.0,2516.4,2183.0,243.0,1.17,40.3,61.8,,,7.83,
宁夏回族自治区,2015,17.25,3.52,4394.0,1138.49,1865.0,2644.7,2626.0,442.0,1.52,42.4,59.8,,,7.88,
宁夏回族自治区,2016,18.26,4.05,6149.0,1254.54,2677.0,2853.3,2510.0,560.0,1.46,43.5,40.8,,,7.96,
宁夏回族自治区,2017,25.55,6.67,8575.0,1372.78,4244.0,3271.6,2561.0,657.0,1.86,49.5,29.9,1.1890206626726982,,8.09,38.9
宁夏回族自治区,2018,34.02,12.11,9860.0,1419.06,5658.0,3580.6,2999.0,744.0,2.4,57.4,30.4,1.2735295760487069,,8.18,45.6
宁夏回族自治区,2019,31.26,14.9,9275.0,1438.29,5555.0,3841.5,2525.0,598.0,2.17,59.9,27.2,1.418716647143043,,8.25,54.5
宁夏回族自治区,2020,27.91,16.81,12172.0,1480.36,7710.0,4036.2,2574.0,703.0,1.89,63.3,21.1,1.476636440216045,,8.3,59.6
宁夏回族自治区,2021,29.0,25.09,14579.0,1427.89,12885.0,4666.5,3054.0,1103.0,2.03,88.4,20.9,1.5086253080467162,,8.45,70.4
宁夏回族自治区,2022,25.56,34.05,16233.0,1587.85,12452.0,5168.1,3358.0,1204.0,1.61,76.7,20.7,1.536347980882723,,8.55,79.4
宁夏回族自治区,2023,28.06,40.3,16788.0,1751.38,10363.0,5368.8,3518.0,1522.0,1.6,61.7,21.0,,,8.59,
宁夏回族自治区,2024,,48.33,18479.0,1768.5,10650.0,5520.2,4417.0,1779.0,,57.6,23.9,1.7263867251186553,5509.0,8.62,95.3
安徽省,2011,77.03,65.03,48556.0,3302.99,32681.0,16532.7,10982.0,2026.0,2.33,67.3,22.6,,,9.71,
安徽省,2012,96.0,86.16,74888.0,3961.01,43321.0,18613.7,19391.0,3066.0,2.42,57.8,25.9,,,9.83,
安徽省,2013,109.67,130.83,93353.0,4349.69,48849.0,20888.2,34857.0,4241.0,2.52,52.3,37.3,,,9.95,
安徽省,2014,129.59,169.83,99160.0,4664.1,48380.0,22880.7,49960.0,5184.0,2.78,48.8,50.4,,,10.04,
安徽省,2015,147.94,190.47,127709.0,5239.01,59039.0,24142.7,68314.0,11180.0,2.82,46.2,53.5,,,10.09,
安徽省,2016,259.5,217.37,172552.0,5522.95,60983.0,26801.2,95963.0,15292.0,4.7,35.3,55.6,,,10.2,
安徽省,2017,260.41,249.57,175872.0,6203.81,58213.0,30141.8,93527.0,12440.0,4.2,33.1,53.2,1.8741415575712135,,10.31,564.9
安徽省,2018,294.81,321.31,207428.0,6572.15,79747.0,34377.3,108782.0,14846.0,4.49,38.4,52.4,1.8878736840880463,,10.45,649.0
安徽省,2019,377.95,449.61,166871.0,7392.22,82524.0,37584.8,62743.0,14958.0,5.11,49.5,37.6,2.0061301377152465,,10.53,754.0
安徽省,2020,369.98,659.57,202298.0,7473.59,119696.0,38628.8,69663.0,21432.0,4.95,59.2,34.4,2.286377003686369,,10.56,883.2
安徽省,2021,416.09,1787.71,196427.0,7591.05,153475.0,43102.8,64106.0,23624.0,5.48,78.1,32.6,2.334187106174077,,10.67,1006.1
安徽省,2022,507.56,2875.45,221063.0,8379.78,156584.0,45525.1,65368.0,26180.0,6.06,70.8,29.6,2.531570496275681,,10.73,1152.5
安徽省,2023,535.34,3597.57,242322.0,8643.57,142638.0,48227.5,67093.0,30526.0,6.19,58.9,27.7,2.6223627598361934,,10.78,1264.7
安徽省,2024,,3933.22,262102.0,8999.54,148388.0,50646.7,65961.0,32821.0,,56.6,25.2,2.756744269616777,50587.0,10.83,1396.2
山东省,2011,108.62,126.38,109599.0,5002.07,58844.0,39622.0,25623.0,5856.0,2.17,53.7,23.4,,,10.59,
山东省,2012,124.98,140.02,128614.0,5904.52,75496.0,43584.3,40381.0,7453.0,2.12,58.7,31.4,,,10.68,
山东省,2013,149.14,179.4,155170.0,6688.8,76976.0,48058.1,67642.0,8913.0,2.23,49.6,43.6,,,10.78,
山东省,2014,147.06,249.29,158619.0,7177.31,72818.0,51552.7,77298.0,10538.0,2.05,45.9,48.7,,,10.85,
山东省,2015,159.05,307.55,193220.0,8250.01,98101.0,56159.1,93475.0,16881.0,1.93,50.8,48.4,,,10.94,
山东省,2016,167.0,395.95,212911.0,8755.21,98093.0,59702.6,88359.0,19404.0,1.91,46.1,41.5,,,11.0,
山东省,2017,195.77,511.64,204859.0,9258.4,100522.0,63958.6,67772.0,19090.0,2.11,49.1,33.1,2.740835477949799,,11.07,1753.0
山东省,2018,232.74,819.95,231585.0,10100.96,132382.0,67864.4,72764.0,20338.0,2.3,57.2,31.4,2.421446295848781,,11.13,1643.3
山东省,2019,305.76,1110.02,263211.0,10739.76,146481.0,72024.3,69350.0,20652.0,2.85,55.7,26.3,2.0752718179836527,,11.18,1494.7
山东省,2020,298.62,1903.89,337280.0,11233.52,238778.0,74355.9,74420.0,26745.0,2.66,70.8,22.1,2.2619590375477943,,11.22,1681.9
山东省,2021,372.32,2477.79,369470.0,11713.16,329838.0,84838.0,82481.0,36345.0,3.18,89.3,22.3,2.292251113887645,,11.35,1944.7
山东省,2022,313.26,3231.83,408136.0,12128.63,342290.0,89519.4,88744.0,48696.0,2.58,83.9,21.7,2.4356731613482667,,11.4,2180.4
山东省,2023,322.7,4554.67,424640.0,12581.74,273523.0,94206.4,96906.0,55318.0,2.56,64.4,22.8,2.532736629358515,,11.45,2386.0
山东省,2024,,4866.92,442533.0,13077.19,281580.0,98406.9,110207.0,63822.0,,63.6,24.9,2.6393474441324747,98383.0,11.5,2597.3
山西省,2011,27.17,22.48,12769.0,2363.85,4974.0,11005.1,4602.0,1114.0,1.15,39.0,36.0,,,9.31,
山西省,2012,33.32,30.61,16786.0,2759.46,7196.0,11819.7,5417.0,1297.0,1.21,42.9,32.3,,,9.38,
山西省,2013,62.06,52.77,18859.0,3030.13,8565.0,12171.8,6025.0,1332.0,2.05,45.4,31.9,,,9.41,
山西省,2014,54.26,48.46,15687.0,3085.28,8371.0,12307.0,6107.0,1559.0,1.76,53.4,38.9,,,9.42,
山西省,2015,37.47,51.2,14948.0,3422.97,10020.0,12036.1,5680.0,2432.0,1.09,67.0,38.0,,,9.4,
山西省,2016,34.56,42.56,20031.0,3428.86,10062.0,12160.1,8208.0,2411.0,1.01,50.2,41.0,,,9.41,
山西省,2017,50.25,94.15,20697.0,3756.42,11311.0,14679.1,7379.0,2382.0,1.34,54.7,35.7,1.0095986811180522,,9.59,148.2
山西省,2018,59.08,150.76,27106.0,4283.91,15060.0,16153.1,9395.0,2284.0,1.38,55.6,34.7,1.0883359850431187,,9.69,175.8
山西省,2019,57.72,109.52,31705.0,4710.76,16598.0,17311.0,8424.0,2300.0,1.23,52.4,26.6,1.1045000288833688,,9.76,191.2
山西省,2020,66.09,44.98,40302.0,5110.87,27296.0,18202.7,9472.0,2987.0,1.29,67.7,23.5,1.1597180638037214,,9.81,211.1
山西省,2021,83.38,134.47,40460.0,5046.62,37379.0,23087.8,10059.0,3915.0,1.65,92.4,24.9,1.0910524172939822,,10.05,251.9
山西省,2022,61.01,161.43,40421.0,5876.5,33068.0,25653.2,9891.0,5026.0,1.04,81.8,24.5,1.066923424757925,,10.15,273.7
山西省,2023,84.14,223.86,45179.0,6345.61,28463.0,26050.8,11387.0,6557.0,1.33,63.0,25.2,,,10.17,
山西省,2024,,274.78,47740.0,6312.67,29145.0,25353.5,13598.0,7116.0,,61.0,28.5,1.2298104798154101,25557.0,10.14,311.8
广东省,2011,203.92,275.06,196272.0,6712.4,128413.0,54009.6,52012.0,18242.0,3.04,65.4,26.5,,,10.9,
广东省,2012,246.71,364.94,229514.0,7387.86,153598.0,58057.6,60448.0,22153.0,3.34,66.9,26.3,,,10.97,
广东省,2013,344.94,529.39,264265.0,8411.0,170430.0,63757.3,68990.0,20084.0,4.1,64.5,26.1,,,11.06,
广东省,2014,274.33,413.25,278358.0,9152.64,179953.0,69593.4,75147.0,22276.0,3.0,64.6,27.0,,,11.15,
广东省,2015,569.55,662.58,355939.0,12827.8,241176.0,75820.8,103941.0,33477.0,4.44,67.8,29.2,,,11.24,
广东省,2016,742.97,758.17,505667.0,13446.09,259032.0,83493.4,155581.0,38626.0,5.53,51.2,30.8,,,11.33,
广东省,2017,823.89,937.08,627834.0,15037.48,332652.0,93004.8,182639.0,45740.0,5.48,53.0,29.1,2.522020368841178,,11.44,2345.6
广东省,2018,1034.71,1365.42,793819.0,15729.26,478082.0,101875.9,216469.0,53259.0,6.58,60.2,27.3,2.654896791095833,,11.53,2704.7
广东省,2019,1168.79,2223.08,807700.0,17297.85,527390.0,110468.1,203311.0,59742.0,6.76,65.3,25.2,2.804882133394165,,11.61,3098.5
广东省,2020,955.73,3267.21,967204.0,17430.79,709725.0,113708.9,215926.0,70695.0,5.48,73.4,22.3,3.0603585119546493,,11.64,3479.9
广东省,2021,982.76,4099.61,980634.0,18247.01,872209.0,127577.4,242551.0,102850.0,5.39,88.9,24.7,3.1370760024894686,,11.76,4002.2
广东省,2022,983.78,3967.48,993480.0,18533.08,837276.0,132547.1,236957.0,115080.0,5.31,84.3,23.9,3.328552642796409,,11.79,4411.9
广东省,2023,980.46,3866.78,963732.0,18527.03,703695.0,137905.4,240223.0,143141.0,5.29,73.0,24.9,3.4825322286146885,,11.83,4802.6
广东省,2024,,2027.67,1004280.0,17956.06,692635.0,141488.9,259373.0,168813.0,,69.0,25.8,3.604240332633868,141656.0,11.86,5099.6
广西壮族自治区,2011,28.25,5.64,8106.0,2545.28,4402.0,10472.7,2757.0,634.0,1.11,54.3,34.0,,,9.26,
广西壮族自治区,2012,42.81,2.52,13610.0,2985.23,5900.0,11496.6,6511.0,902.0,1.43,43.4,47.8,,,9.35,
广西壮族自治区,2013,54.36,7.34,23251.0,3208.67,7884.0,12680.6,14382.0,1295.0,1.69,33.9,61.9,,,9.45,
广西壮族自治区,2014,59.92,11.58,32298.0,3479.79,9664.0,13856.7,22237.0,1933.0,1.72,29.9,68.8,,,9.54,
广西壮族自治区,2015,49.63,7.31,43696.0,4065.51,13573.0,15030.2,30815.0,4017.0,1.22,31.1,70.5,,,9.62,
广西壮族自治区,2016,45.2,33.99,59239.0,4441.7,14858.0,16417.2,43078.0,5159.0,1.02,25.1,72.7,,,9.71,
广西壮族自治区,2017,60.04,39.42,56988.0,4908.55,15270.0,18071.7,37976.0,4553.0,1.22,26.8,66.6,0.7868656518202493,,9.8,142.2
广西壮族自治区,2018,64.43,61.41,44224.0,5310.74,20551.0,19951.7,20302.0,4330.0,1.21,46.5,45.9,0.7262539031761704,,9.9,144.9
广西壮族自治区,2019,72.33,77.56,41900.0,5850.96,22687.0,21341.5,12412.0,3413.0,1.24,54.1,29.6,0.7829815148888315,,9.97,167.1
广西壮族自治区,2020,66.26,91.67,51712.0,6179.47,34470.0,22250.7,12854.0,3521.0,1.07,66.7,24.9,0.7784024772254355,,10.01,173.2
广西壮族自治区,2021,71.13,940.58,55987.0,5806.54,46804.0,25311.5,13693.0,4573.0,1.22,83.6,24.5,0.7881792860952532,,10.14,199.5
广西壮族自治区,2022,104.12,226.99,56283.0,5893.32,44691.0,26419.7,13611.0,5472.0,1.77,79.4,24.2,0.8247633394777382,,10.18,217.9
广西壮族自治区,2023,107.31,88.93,49188.0,6101.37,34115.0,27501.7,12471.0,6717.0,1.76,69.4,25.4,,,10.22,
广西壮族自治区,2024,,182.89,52954.0,6469.58,29492.0,28694.1,14341.0,6182.0,,55.7,27.1,0.8688197225213545,28655.0,10.26,249.3
新疆维吾尔自治区,2011,26.43,4.38,4736.0,2284.49,2642.0,6607.6,1273.0,302.0,1.16,55.8,26.9,,,8.8,
新疆维吾尔自治区,2012,33.01,5.39,7044.0,2720.07,3439.0,7499.5,1679.0,456.0,1.21,48.8,23.8,,,8.92,
新疆维吾尔自治区,2013,39.85,3.0,8224.0,3067.12,4998.0,8518.4,2081.0,540.0,1.3,60.8,25.3,,,9.05,
新疆维吾尔自治区,2014,40.34,2.82,10210.0,3317.79,5238.0,9400.2,2360.0,605.0,1.22,51.3,23.1,,,9.15,
新疆维吾尔自治区,2015,41.64,3.03,12250.0,3804.87,8761.0,9545.7,3024.0,950.0,1.09,71.5,24.7,,,9.16,
新疆维吾尔自治区,2016,44.98,4.28,14105.0,4138.25,7116.0,9913.9,3598.0,910.0,1.09,50.5,25.5,,,9.2,
新疆维吾尔自治区,2017,42.81,5.76,14260.0,4637.24,8094.0,11460.8,3207.0,950.0,0.92,56.8,22.5,0.49734748010610086,,9.35,57.0
新疆维吾尔自治区,2018,42.25,3.92,14647.0,5012.45,9658.0,13110.1,3665.0,923.0,0.84,65.9,25.0,0.49046155254345886,,9.48,64.3
新疆维吾尔自治区,2019,40.81,7.82,14771.0,5315.49,8652.0,14024.9,3544.0,856.0,0.77,58.6,24.0,0.4570442570000499,,9.55,64.1
新疆维吾尔自治区,2020,41.25,15.11,18843.0,5533.16,12763.0,14262.2,3776.0,859.0,0.75,67.7,20.0,0.4319109253831807,,9.57,61.6
新疆维吾尔自治区,2021,42.86,18.85,22221.0,5376.91,21178.0,16791.5,4395.0,1153.0,0.8,95.3,19.8,0.4663073578894083,,9.73,78.3
新疆维吾尔自治区,2022,53.53,31.18,25795.0,6835.4,20528.0,18550.5,4951.0,1711.0,0.78,79.6,19.2,0.4905528152879976,,9.83,91.0
新疆维吾尔自治区,2023,64.27,73.58,30662.0,7566.98,19124.0,19603.3,5484.0,2398.0,0.85,62.4,17.9,,,9.88,
新疆维吾尔自治区,2024,,101.08,37660.0,7645.96,21642.0,20492.4,7312.0,2412.0,,57.5,19.4,0.6758603189475122,20672.0,9.93,138.5
江苏省,2011,213.4,333.43,348381.0,6221.72,199814.0,49689.5,84678.0,11043.0,3.43,57.4,24.3,,,10.81,
江苏省,2012,257.24,400.91,472656.0,7027.67,269944.0,54658.4,110091.0,16242.0,3.66,57.1,23.3,,,10.91,
江苏省,2013,302.59,527.5,504500.0,7798.47,239645.0,60505.2,141259.0,16790.0,3.88,47.5,28.0,,,11.01,
江苏省,2014,327.1,543.16,421907.0,8472.45,200032.0,66228.3,146660.0,19671.0,3.86,47.4,34.8,,,11.1,
江苏省,2015,371.96,572.92,428337.0,9687.58,250290.0,71876.0,154608.0,36015.0,3.84,58.4,36.1,,,11.18,
江苏省,2016,381.02,635.64,512429.0,9981.96,231033.0,78261.2,184632.0,40952.0,3.82,45.1,36.0,,,11.27,
江苏省,2017,428.01,778.42,514402.0,10621.03,227187.0,86512.9,187005.0,41518.0,4.03,44.2,36.4,2.612442768650687,,11.37,2260.1
江苏省,2018,507.31,991.45,600306.0,11657.35,306996.0,93456.3,198801.0,42019.0,4.35,51.1,33.1,2.6797551368928576,,11.45,2504.4
江苏省,2019,572.04,1471.52,594249.0,12573.55,314395.0,99836.9,172409.0,39681.0,4.55,52.9,29.0,2.7840407704966803,,11.51,2779.5
江苏省,2020,584.39,2087.85,719452.0,13681.55,499167.0,104566.6,177995.0,45975.0,4.27,69.4,24.7,2.8746272710406573,,11.56,3005.9
江苏省,2021,671.59,2606.17,696693.0,14585.26,640917.0,119853.2,188241.0,68813.0,4.6,92.0,27.0,2.869009755267277,,11.69,3438.6
江苏省,2022,678.32,2986.78,662509.0,14901.37,560127.0,124564.2,194983.0,89248.0,4.55,84.5,29.4,3.0790548167129885,,11.73,3835.4
江苏省,2023,761.46,3331.0,684579.0,15242.28,447006.0,130924.3,191877.0,107899.0,5.0,65.3,28.0,3.2173553725320665,,11.78,4212.3
江苏省,2024,,5019.14,753311.0,15293.57,450541.0,136696.9,229685.0,135838.0,,59.8,30.5,3.3632803670017393,136830.0,11.83,4597.5
江西省,2011,21.32,34.19,9673.0,2534.6,5550.0,11717.4,2796.0,679.0,0.84,57.4,28.9,,,9.37,
江西省,2012,27.5,39.78,12458.0,3019.22,7985.0,12952.8,3023.0,892.0,0.91,64.1,24.3,,,9.47,
江西省,2013,46.32,43.06,16938.0,3470.3,9970.0,14473.4,3931.0,923.0,1.33,58.9,23.2,,,9.58,
江西省,2014,58.37,50.76,25594.0,3882.7,13831.0,15858.6,4688.0,1033.0,1.5,54.0,18.3,,,9.67,
江西省,2015,74.79,64.85,36936.0,4412.55,24161.0,17031.1,5722.0,1639.0,1.69,65.4,15.5,,,9.74,
江西省,2016,83.12,79.01,60494.0,4617.4,31472.0,18761.2,8202.0,1914.0,1.8,52.0,13.6,,,9.84,
江西省,2017,120.09,96.21,70591.0,5111.47,33029.0,20497.6,11507.0,2238.0,2.35,46.8,16.3,1.2479509796268833,,9.93,255.8
江西省,2018,147.09,115.82,86001.0,5667.52,52819.0,23016.9,14519.0,2524.0,2.6,61.4,16.9,1.3498776985606227,,10.04,310.7
江西省,2019,182.92,148.61,91474.0,6386.8,59140.0,24724.0,14101.0,2744.0,2.86,64.7,15.4,1.5543601359003398,,10.12,384.3
江西省,2020,195.74,233.41,109738.0,6674.08,80239.0,25825.4,20285.0,4407.0,2.93,73.1,18.5,1.667737963400373,,10.16,430.7
江西省,2021,210.95,409.38,100930.0,6778.87,97372.0,29838.2,19171.0,6741.0,3.11,96.5,19.0,1.6830773974301396,,10.3,502.2
江西省,2022,228.43,733.88,91815.0,7289.07,75830.0,31568.1,20625.0,8655.0,3.13,82.6,22.5,1.768240724022035,,10.36,558.2
江西省,2023,244.15,1584.87,92239.0,7492.88,60120.0,32677.1,20186.0,10375.0,3.26,65.2,21.9,,,10.39,
江西省,2024,,2582.65,94267.0,7695.25,55760.0,34227.9,21702.0,10025.0,,59.2,23.0,1.9466575512958724,34169.0,10.44,666.3
河北省,2011,33.22,26.25,17595.0,3537.39,11119.0,21711.7,4651.0,1469.0,0.94,63.2,26.4,,,9.99,
河北省,2012,44.74,37.82,23241.0,4079.44,15315.0,23437.3,6108.0,1933.0,1.1,65.9,26.3,,,10.06,
河北省,2013,49.76,31.56,27619.0,4409.58,18186.0,24659.1,7329.0,2008.0,1.13,65.8,26.5,,,10.11,
河北省,2014,51.32,29.22,30000.0,4677.3,20132.0,25644.1,8332.0,2286.0,1.1,67.1,27.8,,,10.15,
河北省,2015,45.5,39.54,44060.0,5632.19,30130.0,26744.1,11259.0,3840.0,0.81,68.4,25.6,,,10.19,
河北省,2016,73.18,59.0,54838.0,6049.53,31826.0,28879.7,14141.0,4247.0,1.21,58.0,25.8,,,10.27,
河北省,2017,69.08,88.92,61288.0,6639.18,35348.0,31065.5,13982.0,4927.0,1.04,57.7,22.8,1.4549902625098583,,10.34,452.0
河北省,2018,77.04,275.98,83785.0,7726.21,51894.0,32947.0,18954.0,5126.0,1.0,61.9,22.6,1.5166783015145537,,10.4,499.7
河北省,2019,90.7,381.19,101274.0,8309.04,57809.0,35623.5,20536.0,5130.0,1.09,57.1,20.3,1.5908038233188766,,10.48,566.7
河北省,2020,101.76,554.96,125608.0,9022.79,92196.0,36821.5,22131.0,6365.0,1.13,73.4,17.6,1.7229064541096912,,10.51,634.4
河北省,2021,112.64,747.32,130705.0,8848.21,120034.0,41205.4,23923.0,8621.0,1.27,91.8,18.3,1.809228887475913,,10.63,745.5
河北省,2022,118.13,1003.83,137437.0,9305.64,115314.0,43198.3,24182.0,12022.0,1.27,83.9,17.6,1.9651236275501578,,10.67,848.9
河北省,2023,131.04,1783.09,149855.0,9606.21,92009.0,45660.0,28929.0,14213.0,1.36,61.4,19.3,,,10.73,
河北省,2024,,1958.77,164883.0,10326.72,97308.0,47448.1,29885.0,15787.0,,59.0,18.1,2.0397023273850796,47441.0,10.77,967.8
河南省,2011,56.59,38.76,34076.0,4248.82,19259.0,26212.2,8833.0,2462.0,1.33,56.5,25.9,,,10.17,
河南省,2012,69.64,39.94,43442.0,5006.4,26791.0,28878.5,10910.0,3182.0,1.39,61.7,25.1,,,10.27,
河南省,2013,80.0,40.24,55920.0,5582.31,29482.0,31621.4,15580.0,3173.0,1.43,52.7,27.9,,,10.36,
河南省,2014,81.25,40.79,62434.0,6028.69,33366.0,34611.2,19646.0,3493.0,1.35,53.4,31.5,,,10.45,
河南省,2015,83.25,45.04,74373.0,6799.35,47766.0,36798.2,21338.0,5384.0,1.22,64.2,28.7,,,10.51,
河南省,2016,96.1,58.71,94669.0,7453.74,49145.0,40167.7,28582.0,6811.0,1.29,51.9,30.2,,,10.6,
河南省,2017,137.94,76.85,119240.0,8215.52,55407.0,44586.5,35625.0,7914.0,1.68,46.5,29.9,1.3055521290076593,,10.71,582.1
河南省,2018,155.67,149.28,154381.0,9217.73,82318.0,50273.5,46868.0,8339.0,1.69,53.3,30.4,1.335693755159279,,10.83,671.5
河南省,2019,211.07,231.89,144010.0,10163.93,86247.0,53739.3,30260.0,6991.0,2.08,59.9,21.0,1.4756425930371253,,10.89,793.0
河南省,2020,254.28,379.78,178585.0,10372.67,122809.0,54160.6,32609.0,9183.0,2.45,68.8,18.3,1.664124843520936,,10.9,901.3
河南省,2021,329.25,607.33,167550.0,9784.29,158038.0,57806.9,34950.0,13536.0,3.37,94.3,20.9,1.7624193651622901,,10.96,1018.8
河南省,2022,409.2,1020.75,169106.0,10646.75,135990.0,58807.4,33183.0,14574.0,3.84,80.4,19.6,1.9441430840336418,,10.98,1143.3
河南省,2023,470.1,1362.63,176579.0,11052.54,109957.0,60627.7,30637.0,17531.0,4.25,62.3,17.4,1.9985914029395806,,11.01,1211.7
河南省,2024,,1754.37,172726.0,11464.16,110654.0,63557.1,32064.0,17610.0,,64.1,18.6,2.0062274710457206,63438.0,11.06,1275.1
浙江省,2011,143.9,71.9,177066.0,3842.59,130190.0,32353.1,24745.0,9135.0,3.74,73.5,14.0,,,10.38,
浙江省,2012,165.98,81.31,249373.0,4161.88,188463.0,34978.5,33265.0,11571.0,3.99,75.6,13.3,,,10.46,
浙江省,2013,191.87,81.5,294014.0,4730.47,202350.0,38023.3,42744.0,11139.0,4.06,68.8,14.5,,,10.55,
浙江省,2014,207.99,87.25,261435.0,5159.57,188544.0,40744.1,52406.0,13372.0,4.03,72.1,20.0,,,10.62,
浙江省,2015,250.79,98.1,307264.0,6645.98,234983.0,44222.0,67674.0,23345.0,3.77,76.5,22.0,,,10.7,
浙江省,2016,269.04,198.37,393147.0,6974.26,221456.0,48095.8,93254.0,26576.0,3.86,56.3,23.7,,,10.78,
浙江省,2017,303.5,324.73,377115.0,7530.32,213805.0,53135.2,98975.0,28742.0,4.03,56.7,26.2,2.3831659615471477,,10.88,1266.3
浙江省,2018,379.66,590.66,455590.0,8629.53,284621.0,59311.7,143081.0,32550.0,4.4,62.5,31.4,2.4374617486937655,,10.99,1445.7
浙江省,2019,516.06,888.01,435883.0,10053.03,285342.0,64632.0,112981.0,33964.0,5.13,65.5,25.9,2.583549944300037,,11.08,1669.8
浙江省,2020,472.13,1403.32,507050.0,10082.01,391700.0,67164.5,129708.0,49888.0,4.68,77.3,25.6,2.7691712139597557,,11.11,1859.9
浙江省,2021,578.6,1855.78,503197.0,11014.59,465468.0,76765.3,129821.0,56796.0,5.25,92.5,25.8,2.8107751809736947,,11.25,2157.7
浙江省,2022,680.89,2435.07,513830.0,12017.78,443985.0,80770.0,122807.0,61286.0,5.67,86.4,23.9,2.992200074285007,,11.3,2416.8
浙江省,2023,787.48,4323.71,553317.0,12353.09,381835.0,85619.6,117996.0,64760.0,6.37,69.0,21.3,3.0836397273521476,,11.36,2640.2
浙江省,2024,,5015.22,576160.0,12564.65,400795.0,90007.0,132051.0,78477.0,,69.6,22.9,3.2235270590065217,90106.0,11.41,2901.4
海南省,2011,9.83,3.46,1489.0,778.8,765.0,2525.1,732.0,272.0,1.26,51.4,49.2,,,7.83,
海南省,2012,12.06,0.57,1824.0,911.67,1093.0,2863.6,865.0,396.0,1.32,59.9,47.4,,,7.96,
海南省,2013,13.82,3.87,2359.0,1011.17,1331.0,3201.9,921.0,449.0,1.37,56.4,39.0,,,8.07,
海南省,2014,13.53,0.65,2416.0,1099.74,1597.0,3541.2,969.0,380.0,1.23,66.1,40.1,,,8.17,
海南省,2015,12.38,2.19,3127.0,1239.43,2061.0,3782.7,1211.0,417.0,1.0,65.9,38.7,,,8.24,
海南省,2016,15.69,3.44,3658.0,1376.48,1939.0,4151.0,1278.0,383.0,1.14,53.0,34.9,,,8.33,
海南省,2017,12.47,4.11,4564.0,1443.97,2133.0,4552.9,1627.0,373.0,0.86,46.7,35.6,0.5073689296931627,,8.42,23.1
海南省,2018,15.04,6.94,6451.0,1691.3,3292.0,5004.2,2127.0,489.0,0.89,51.0,33.0,0.5375484592941929,,8.52,26.9
海南省,2019,30.1,9.11,9302.0,1858.6,4423.0,5442.1,2183.0,530.0,1.62,47.5,23.5,0.5494202605611804,,8.6,29.9
海南省,2020,35.67,20.19,14360.0,1972.46,8578.0,5640.8,2618.0,721.0,1.81,59.7,18.2,0.6488441355836052,,8.64,36.6
海南省,2021,40.47,28.42,17679.0,1971.37,13632.0,6508.9,4497.0,954.0,2.05,77.1,25.4,0.7220882176711887,,8.78,47.0
海南省,2022,69.16,31.55,17273.0,2097.37,13148.0,6912.8,4402.0,1602.0,3.3,76.1,25.5,0.9894688114801529,,8.84,68.4
海南省,2023,69.54,52.59,21029.0,2248.96,10963.0,7590.2,4681.0,2273.0,3.09,52.1,22.3,,,8.93,
海南省,2024,,68.93,26922.0,2293.21,13112.0,7972.7,5873.0,2595.0,,48.7,21.8,1.374691133493045,7942.0,8.98,109.6
湖北省,2011,44.19,125.69,42510.0,3214.74,19035.0,20228.3,10327.0,3160.0,1.37,44.8,24.3,,,9.91,
湖北省,2012,54.39,196.39,51316.0,3759.79,24475.0,22921.0,14640.0,4050.0,1.45,47.7,28.5,,,10.04,
湖北省,2013,77.21,397.62,50816.0,4371.65,28760.0,25851.7,18189.0,4052.0,1.77,56.6,35.8,,,10.16,
湖北省,2014,134.46,580.68,59050.0,4934.15,28290.0,28805.9,22536.0,4855.0,2.73,47.9,38.2,,,10.27,
湖北省,2015,157.36,789.34,74240.0,6132.84,38781.0,30661.6,30204.0,7766.0,2.57,52.2,40.7,,,10.33,
湖北省,2016,190.11,903.84,95157.0,6422.98,41822.0,33767.6,43789.0,8517.0,2.96,44.0,46.0,,,10.43,
湖北省,2017,234.27,1033.08,110234.0,6801.26,46369.0,37624.2,51569.0,10880.0,3.44,42.1,46.8,1.8620993934754762,,10.54,700.6
湖北省,2018,268.49,1204.09,124535.0,7258.27,64106.0,42425.5,50664.0,11393.0,3.7,51.5,40.7,1.9377497024195354,,10.66,822.1
湖北省,2019,319.28,1429.84,141321.0,7970.21,73940.0,45557.0,47450.0,14178.0,4.01,52.3,33.6,2.102640647979454,,10.73,957.9
湖北省,2020,287.85,1665.81,163613.0,8442.88,110102.0,43017.6,47767.0,17555.0,3.41,67.3,29.2,2.336950457487168,,10.67,1005.3
湖北省,2021,314.57,2090.78,175312.0,7933.67,155169.0,50093.3,51690.0,22376.0,3.96,88.5,29.5,2.316078198082378,,10.82,1160.2
湖北省,2022,376.55,3010.0,202118.0,8623.87,160849.0,53445.4,55207.0,29212.0,4.37,79.6,27.3,2.347629543421885,,10.89,1254.7
湖北省,2023,397.84,4771.17,213714.0,9299.07,135211.0,56794.3,59068.0,29025.0,4.28,63.3,27.6,2.4794741725842204,,10.95,1408.2
湖北省,2024,,5462.45,217962.0,9976.31,128796.0,59644.3,65626.0,32074.0,,59.1,30.1,2.5787879143522514,60082.0,11.0,1538.1
湖南省,2011,41.96,35.39,29516.0,3520.76,16064.0,19176.4,8774.0,2606.0,1.19,54.4,29.7,,,9.86,
湖南省,2012,48.19,42.24,35709.0,4119.0,23212.0,21513.7,9974.0,3353.0,1.17,65.0,27.9,,,9.98,
湖南省,2013,55.46,77.21,41336.0,4690.89,24392.0,23916.3,11938.0,3613.0,1.18,59.0,28.9,,,10.08,
湖南省,2014,59.38,97.93,44194.0,5017.38,26637.0,26309.1,14474.0,4160.0,1.18,60.3,32.8,,,10.18,
湖南省,2015,66.26,105.06,54501.0,5728.72,34075.0,28811.7,19499.0,6776.0,1.16,62.5,35.8,,,10.27,
湖南省,2016,71.44,105.63,67779.0,6339.16,34050.0,31225.0,25524.0,6967.0,1.13,50.2,37.7,,,10.35,
湖南省,2017,91.42,203.19,77934.0,6869.39,37916.0,34127.7,31365.0,7909.0,1.33,48.7,40.2,1.665802266194323,,10.44,568.5
湖南省,2018,129.94,281.61,94503.0,7479.61,48957.0,36629.3,35414.0,8261.0,1.74,51.8,37.5,1.797195141594297,,10.51,658.3
湖南省,2019,171.92,490.69,106113.0,8034.42,54685.0,39930.7,39104.0,8479.0,2.14,51.5,36.9,1.9714154773144477,,10.59,787.2
湖南省,2020,220.66,735.95,128573.0,8403.13,78723.0,41693.7,48530.0,11537.0,2.63,61.2,37.7,2.155481523587497,,10.64,898.7
湖南省,2021,217.3,1261.26,114167.0,8325.5,98936.0,45751.9,36746.0,16564.0,2.61,86.7,32.2,2.2488683530082905,,10.73,1028.9
湖南省,2022,279.65,2542.89,114087.0,8991.61,92916.0,47957.9,35851.0,20423.0,3.11,81.4,31.4,2.450691127009314,,10.78,1175.3
湖南省,2023,314.12,3989.77,109198.0,9581.12,74940.0,50667.5,35007.0,20133.0,3.28,68.6,32.1,2.533971480732225,,10.83,1283.9
湖南省,2024,,4799.84,109502.0,9536.26,72376.0,53084.7,38671.0,23593.0,,66.1,35.3,2.6271223158461856,53229.0,10.88,1394.6
甘肃省,2011,13.22,52.64,5287.0,1791.24,2383.0,4880.7,2105.0,552.0,0.74,45.1,39.8,,,8.49,
甘肃省,2012,16.19,73.06,8261.0,2059.56,3662.0,5469.1,3265.0,704.0,0.79,44.3,39.5,,,8.61,
甘肃省,2013,19.76,99.99,10976.0,2309.62,4737.0,6108.3,3735.0,785.0,0.86,43.2,34.0,,,8.72,
甘肃省,2014,21.16,114.52,12020.0,2541.49,5097.0,6629.4,4986.0,812.0,0.83,42.4,41.5,,,8.8,
甘肃省,2015,29.85,129.7,14584.0,2958.31,6912.0,6793.4,5504.0,1238.0,1.01,47.4,37.7,,,8.82,
甘肃省,2016,26.23,150.66,20276.0,3150.03,7975.0,7207.1,6114.0,1308.0,0.83,39.3,30.2,,,8.88,
甘肃省,2017,25.83,162.96,24448.0,3304.44,9672.0,7642.6,5785.0,1340.0,0.78,39.6,23.7,1.156674430167744,,8.94,88.4
甘肃省,2018,25.74,180.88,27882.0,3772.23,13958.0,8364.7,6035.0,1280.0,0.68,50.1,21.6,1.1608306334955227,,9.03,97.1
甘肃省,2019,29.39,196.42,27637.0,3951.6,14894.0,9053.3,6056.0,1154.0,0.74,53.9,21.9,1.2172357041078945,,9.11,110.2
甘肃省,2020,32.07,233.16,30732.0,4163.4,20991.0,9323.1,5684.0,1446.0,0.77,68.3,18.5,1.1755746479175382,,9.14,109.6
甘肃省,2021,34.95,280.39,30165.0,4032.56,26056.0,10608.0,6423.0,2253.0,0.87,86.4,21.3,1.2207767722473606,,9.27,129.5
甘肃省,2022,47.69,335.84,32512.0,4257.16,22490.0,11553.6,7005.0,2472.0,1.12,69.2,21.5,1.2472303005123944,,9.35,144.1
甘肃省,2023,58.6,464.81,32916.0,4521.82,20903.0,12345.7,7052.0,3568.0,1.3,63.5,21.4,,,9.42,
甘肃省,2024,,562.85,38232.0,4784.67,21596.0,13020.5,9215.0,3936.0,,56.5,24.1,1.26416036250528,12961.0,9.47,164.6
福建省,2011,40.48,34.57,32325.0,2198.18,21857.0,18195.2,6896.0,1945.0,1.84,67.6,21.3,,,9.81,
福建省,2012,48.47,50.09,42773.0,2607.5,30497.0,20510.8,8492.0,2977.0,1.86,71.3,19.9,,,9.93,
福建省,2013,60.62,44.69,53701.0,3068.8,37511.0,22851.7,9884.0,2941.0,1.98,69.9,18.4,,,10.04,
福建省,2014,67.4,39.19,58075.0,3306.7,37857.0,25329.4,12529.0,3426.0,2.04,65.2,21.6,,,10.14,
福建省,2015,76.6,52.14,83146.0,4001.58,61621.0,27307.5,17663.0,5730.0,1.91,74.1,21.2,,,10.21,
福建省,2016,80.28,43.22,130376.0,4275.4,67142.0,30199.2,27041.0,7170.0,1.88,51.5,20.7,,,10.32,
福建省,2017,99.44,75.46,128079.0,4684.15,68304.0,34432.2,26456.0,8718.0,2.12,53.3,20.7,1.5773026411324287,,10.45,543.1
福建省,2018,115.25,84.52,166610.0,4832.69,102622.0,39204.8,37252.0,9858.0,2.38,61.6,22.4,1.6395951516140879,,10.58,642.8
福建省,2019,133.41,139.59,153133.0,5077.93,98955.0,42479.1,30019.0,8963.0,2.63,64.6,19.6,1.774284295100414,,10.66,753.7
福建省,2020,149.44,163.54,174867.0,5216.1,145928.0,43682.0,32929.0,10250.0,2.86,83.5,18.8,1.928483128061902,,10.68,842.4
福建省,2021,155.11,196.8,160703.0,5204.72,153814.0,49602.6,31093.0,12561.0,2.98,95.7,19.3,1.9529218226463936,,10.81,968.7
福建省,2022,153.0,259.52,163032.0,5691.22,141536.0,52099.6,30581.0,16213.0,2.69,86.8,18.8,2.0769833165705687,,10.86,1082.1
福建省,2023,146.92,329.0,171901.0,5859.39,120264.0,54801.7,33730.0,17858.0,2.51,70.0,19.6,2.1380723590691533,,10.91,1171.7
福建省,2024,,375.76,176687.0,6080.93,122246.0,57476.6,37756.0,22245.0,,69.2,21.4,2.1873249287536147,57670.0,10.96,1257.2
西藏自治区,2011,3.38,,263.0,758.11,142.0,620.8,101.0,27.0,0.45,54.0,38.4,,,6.43,
西藏自治区,2012,5.09,,170.0,905.34,133.0,721.1,81.0,57.0,0.56,78.2,47.6,,,6.58,
西藏自治区,2013,4.17,,203.0,1014.31,121.0,840.3,92.0,44.0,0.41,59.6,45.3,,,6.73,
西藏自治区,2014,4.42,,248.0,1185.51,146.0,954.8,92.0,50.0,0.37,58.9,37.1,,,6.86,
西藏自治区,2015,5.41,,309.0,1381.46,198.0,1063.6,128.0,40.0,0.39,64.1,41.4,,,6.97,
西藏自治区,2016,4.81,,712.0,1587.98,245.0,1197.4,176.0,33.0,0.3,34.4,24.7,,,7.09,
西藏自治区,2017,8.49,0.04,1097.0,1681.94,420.0,1381.0,273.0,42.0,0.5,38.3,24.9,0.20999275887038377,,7.23,2.9
西藏自治区,2018,8.12,0.04,1469.0,1970.68,755.0,1583.5,453.0,73.0,0.41,51.4,30.8,0.2336596147773919,,7.37,3.7
西藏自治区,2019,7.28,0.96,2304.0,2187.75,1020.0,1750.3,456.0,79.0,0.33,44.3,19.8,0.2456721704850597,,7.47,4.3
西藏自治区,2020,8.99,0.78,2296.0,2210.92,1702.0,1956.5,477.0,96.0,0.41,74.1,20.8,0.2248913876820854,,7.58,4.4
西藏自治区,2021,8.34,1.73,2644.0,2027.01,1929.0,2145.1,515.0,184.0,0.41,73.0,19.5,0.27970723975572237,,7.67,6.0
西藏自治区,2022,8.31,6.21,3135.0,2592.98,2127.0,2235.4,585.0,149.0,0.32,67.8,18.7,0.31314306164444844,,7.71,7.0
西藏自治区,2023,8.71,8.17,3486.0,2809.02,1877.0,2532.9,625.0,299.0,0.31,53.8,17.9,,,7.84,
西藏自治区,2024,,14.79,4342.0,2919.62,2308.0,2789.1,836.0,366.0,,53.2,19.3,0.2832454913771468,2724.0,7.93,7.9
贵州省,2011,21.68,13.65,8351.0,2249.4,3386.0,5690.5,2358.0,596.0,0.96,40.5,28.2,,,8.65,
贵州省,2012,28.98,9.67,11296.0,2755.68,6059.0,6828.1,3103.0,635.0,1.05,53.6,27.5,,,8.83,
贵州省,2013,34.27,18.4,17405.0,3082.66,7915.0,8079.9,3988.0,776.0,1.11,45.5,22.9,,,9.0,
贵州省,2014,44.34,20.04,22467.0,3542.8,10107.0,9297.5,8203.0,1047.0,1.25,45.0,36.5,,,9.14,
贵州省,2015,58.68,25.96,18295.0,3939.5,14115.0,10887.1,7538.0,1501.0,1.49,77.2,41.2,,,9.3,
贵州省,2016,69.3,20.44,25315.0,4262.36,10425.0,12133.9,10953.0,2036.0,1.63,41.2,43.3,,,9.4,
贵州省,2017,87.72,80.74,34610.0,4612.52,12559.0,14067.3,13885.0,1875.0,1.9,36.3,40.1,0.6817228608190627,,9.55,95.9
贵州省,2018,102.88,171.1,44508.0,5029.68,19456.0,15886.6,14992.0,2081.0,2.05,43.7,33.7,0.7654249493283648,,9.67,121.6
贵州省,2019,114.13,227.18,44328.0,5948.74,24729.0,17251.8,10770.0,1900.0,1.92,55.8,24.3,0.8387530576519552,,9.76,144.7
贵州省,2020,113.19,249.11,49200.0,5739.5,34971.0,18308.3,10693.0,2268.0,1.97,71.1,21.7,0.8832059776167094,,9.82,161.7
贵州省,2021,88.34,289.27,41733.0,5590.01,39267.0,19921.3,9869.0,2824.0,1.58,94.1,23.6,0.9055633919473126,,9.9,180.4
贵州省,2022,88.86,390.72,40555.0,5851.36,29382.0,20579.5,10732.0,3645.0,1.52,72.4,26.5,0.9684394664593408,,9.93,199.3
贵州省,2023,80.06,482.02,36997.0,6203.7,22149.0,21513.7,11954.0,4712.0,1.29,59.9,32.3,,,9.98,
贵州省,2024,,585.59,36644.0,6524.74,20650.0,22645.7,12230.0,4832.0,,56.4,33.4,1.0205027886088749,22657.0,10.03,231.1
辽宁省,2011,87.2,159.66,37102.0,3905.85,19176.0,16585.3,14658.0,3164.0,2.23,51.7,39.5,,,9.72,
辽宁省,2012,101.24,230.66,41152.0,4558.59,21223.0,18127.6,19740.0,3973.0,2.22,51.6,48.0,,,9.81,
辽宁省,2013,118.99,173.38,45996.0,5197.42,21656.0,19534.3,25292.0,3830.0,2.29,47.1,55.0,,,9.88,
辽宁省,2014,108.82,217.46,37860.0,5080.49,19525.0,20381.5,18417.0,3975.0,2.14,51.6,48.6,,,9.92,
辽宁省,2015,68.92,267.49,42153.0,4481.61,25182.0,20657.8,19332.0,6569.0,1.54,59.7,45.9,,,9.94,
辽宁省,2016,61.61,323.22,52603.0,4577.47,25104.0,20832.0,25561.0,6731.0,1.35,47.7,48.6,,,9.94,
辽宁省,2017,57.38,385.83,49871.0,4879.42,26495.0,22105.4,20500.0,7708.0,1.18,53.1,41.1,1.944773675210582,,10.0,429.9
辽宁省,2018,75.05,474.49,65686.0,5337.72,35149.0,24113.5,25476.0,7176.0,1.41,53.5,38.8,1.908059800526676,,10.09,460.1
辽宁省,2019,74.03,557.59,69732.0,5745.09,40037.0,25665.9,22592.0,7501.0,1.29,57.4,32.4,1.9812280107068134,,10.15,508.5
辽宁省,2020,72.71,632.81,86527.0,6014.17,60185.0,25839.0,21830.0,7936.0,1.21,69.6,25.2,2.124695228143504,,10.16,549.0
辽宁省,2021,78.45,755.12,88504.0,5879.21,80191.0,28471.0,23078.0,10480.0,1.33,90.6,26.1,2.1088124758526217,,10.26,600.4
辽宁省,2022,74.35,971.35,97292.0,6261.43,77434.0,29739.7,23080.0,10892.0,1.19,79.6,23.7,2.0877816521350248,,10.3,620.9
辽宁省,2023,78.93,1289.07,105912.0,6574.78,67632.0,31389.8,25496.0,13069.0,1.2,63.9,24.1,,,10.35,
辽宁省,2024,,1517.68,105838.0,6860.03,68027.0,32540.8,27554.0,16852.0,,64.3,26.0,2.245181433769299,32616.0,10.39,730.6
重庆市,2011,25.04,68.15,32039.0,2570.24,15525.0,10314.1,8839.0,1865.0,0.97,48.5,27.6,,,9.24,
重庆市,2012,29.84,54.02,38924.0,3046.36,20364.0,11797.8,11402.0,2426.0,0.98,52.3,29.3,,,9.38,
重庆市,2013,38.65,90.28,49036.0,3062.28,24828.0,13275.8,12562.0,2360.0,1.26,50.6,25.6,,,9.49,
重庆市,2014,38.16,156.2,55298.0,3304.39,24312.0,14911.7,19418.0,2321.0,1.15,44.0,35.1,,,9.61,
重庆市,2015,45.67,57.24,82791.0,3792.0,38914.0,16305.9,35086.0,3964.0,1.2,47.0,42.4,,,9.7,
重庆市,2016,51.62,147.19,59518.0,4001.81,42738.0,18271.1,19981.0,5044.0,1.29,71.8,33.6,,,9.81,
重庆市,2017,59.31,51.36,64648.0,4336.28,34780.0,20260.8,19297.0,6138.0,1.37,53.8,29.8,1.7995340756534788,,9.92,364.6
重庆市,2018,68.59,188.35,72121.0,4540.95,45688.0,21866.8,22686.0,6570.0,1.51,63.3,31.5,1.8759031957122214,,9.99,410.2
重庆市,2019,79.23,56.65,67271.0,4847.68,43872.0,23689.6,20103.0,6988.0,1.63,65.2,29.9,1.9823044711603406,,10.07,469.6
重庆市,2020,82.87,117.79,83826.0,4893.95,55377.0,25158.1,22273.0,7637.0,1.69,66.1,26.6,2.093957810804472,,10.13,526.8
重庆市,2021,92.64,184.52,83555.0,4835.06,76206.0,28092.5,24068.0,9413.0,1.92,91.2,28.8,2.149328112485539,,10.24,603.8
重庆市,2022,98.89,559.47,86751.0,4892.77,66467.0,28771.8,28907.0,12207.0,2.02,76.6,33.3,2.386364426278509,,10.27,686.6
重庆市,2023,102.54,718.49,92060.0,5304.56,54136.0,30614.3,30517.0,13600.0,1.93,58.8,33.1,,,10.33,
重庆市,2024,,943.82,96787.0,5621.21,54753.0,32046.7,32663.0,14282.0,,56.6,33.7,2.487931674712217,32149.0,10.37,797.3
陕西省,2011,29.01,215.37,32227.0,2930.81,11662.0,12320.1,13037.0,3139.0,0.99,36.2,40.5,,,9.42,
陕西省,2012,34.94,334.82,43608.0,3323.8,14908.0,14311.5,17043.0,4018.0,1.05,34.2,39.1,,,9.57,
陕西省,2013,38.02,533.28,57287.0,3665.07,20836.0,16106.3,26487.0,4133.0,1.04,36.4,46.2,,,9.69,
陕西省,2014,44.86,640.02,56235.0,3962.5,22820.0,17635.6,24399.0,4885.0,1.13,40.6,43.4,,,9.78,
陕西省,2015,57.28,721.82,74904.0,4376.06,33350.0,18188.3,17322.0,6812.0,1.31,44.5,23.1,,,9.81,
陕西省,2016,62.01,802.79,69611.0,4389.37,48455.0,19354.6,22565.0,7503.0,1.41,69.6,32.4,,,9.87,
陕西省,2017,79.34,920.94,98935.0,4833.19,34554.0,21776.1,46607.0,8774.0,1.64,34.9,47.1,2.116540611036871,,9.99,460.9
陕西省,2018,87.22,1125.29,76512.0,5302.44,41479.0,24354.8,30888.0,8884.0,1.64,54.2,40.4,2.186016719496773,,10.1,532.4
陕西省,2019,71.38,1467.35,92087.0,5718.52,44101.0,26214.5,34812.0,9843.0,1.25,47.9,37.8,2.2300635144671843,,10.17,584.6
陕西省,2020,56.45,1758.72,99236.0,5930.32,60524.0,26297.0,38262.0,12122.0,0.95,61.0,38.6,2.404456782142449,,10.18,632.3
陕西省,2021,93.0,2343.44,105652.0,6069.22,86272.0,30476.6,38643.0,15516.0,1.53,81.7,36.6,2.298812859702198,,10.32,700.6
陕西省,2022,109.78,3048.73,108096.0,6760.98,79375.0,33035.6,38569.0,18963.0,1.62,73.4,35.7,2.3296080591846375,,10.41,769.6
陕西省,2023,133.68,4118.46,117687.0,7175.08,71562.0,33976.5,41729.0,22020.0,1.86,60.8,35.5,,,10.43,
陕西省,2024,,4825.91,125012.0,7297.73,75634.0,35437.1,48686.0,24598.0,,60.5,38.9,2.6136450217427503,35487.0,10.48,926.2
青海省,2011,3.76,16.84,732.0,967.47,538.0,1388.3,204.0,70.0,0.39,73.5,27.9,,,7.24,
青海省,2012,7.18,19.3,844.0,1159.05,527.0,1547.9,298.0,101.0,0.62,62.4,35.3,,,7.34,
青海省,2013,8.39,26.89,1099.0,1228.05,502.0,1736.1,520.0,91.0,0.68,45.7,47.3,,,7.46,
青海省,2014,10.39,29.1,1534.0,1347.43,619.0,1875.1,660.0,110.0,0.77,40.4,43.0,,,7.54,
青海省,2015,11.22,46.88,2590.0,1515.16,1217.0,2054.3,1103.0,207.0,0.74,47.0,42.6,,,7.63,
青海省,2016,10.9,56.92,3284.0,1524.8,1357.0,2310.7,1381.0,271.0,0.71,41.3,42.1,,,7.75,
青海省,2017,11.94,67.72,3181.0,1530.44,1580.0,2517.0,949.0,240.0,0.78,49.7,29.8,0.7111640842272546,,7.83,17.9
青海省,2018,12.8,79.36,4439.0,1647.43,2668.0,2799.9,1287.0,298.0,0.78,60.1,29.0,0.6178792099717847,,7.94,17.3
青海省,2019,10.37,9.1,5017.0,1863.67,3046.0,3020.2,1232.0,292.0,0.56,60.7,24.6,0.6820740348321304,,8.01,20.6
青海省,2020,10.56,10.56,6736.0,1932.84,4693.0,3080.6,1417.0,333.0,0.55,69.7,21.0,0.6914237486203987,,8.03,21.3
青海省,2021,12.19,14.1,7448.0,1854.52,6591.0,3446.3,1585.0,454.0,0.66,88.5,21.3,0.7776455909235992,,8.15,26.8
青海省,2022,9.45,16.03,7590.0,1975.1,5276.0,3677.4,1459.0,458.0,0.48,69.5,19.2,0.7831620166421929,,8.21,28.8
青海省,2023,11.86,19.3,7686.0,2188.72,3987.0,3849.2,1790.0,561.0,0.54,51.9,23.3,,,8.26,
青海省,2024,,23.36,10047.0,2164.05,5134.0,3965.5,2109.0,719.0,,51.1,21.0,0.8498297818686169,3965.0,8.29,33.7
黑龙江省,2011,33.23,62.07,23432.0,2794.08,12236.0,10074.0,5063.0,1953.0,1.19,52.2,21.6,,,9.22,
黑龙江省,2012,37.64,100.45,30610.0,3171.52,20268.0,11171.0,7068.0,2418.0,1.19,66.2,23.1,,,9.32,
黑龙江省,2013,38.61,101.77,32264.0,3369.18,19819.0,12017.0,10338.0,2238.0,1.15,61.4,32.0,,,9.39,
黑龙江省,2014,39.46,120.28,31856.0,3434.22,15412.0,12357.1,13468.0,2454.0,1.15,48.4,42.3,,,9.42,
黑龙江省,2015,42.91,127.26,34611.0,4020.66,18943.0,12023.2,14663.0,4024.0,1.07,54.7,42.4,,,9.39,
黑龙江省,2016,44.92,125.81,35293.0,4227.34,18046.0,12280.9,13177.0,4345.0,1.06,51.1,37.3,,,9.42,
黑龙江省,2017,46.91,146.71,30958.0,4641.08,18221.0,12659.5,10607.0,4947.0,1.01,58.9,34.3,1.158023618626328,,9.45,146.6
黑龙江省,2018,39.52,165.92,34582.0,4676.75,19435.0,13205.7,12017.0,4309.0,0.85,56.2,34.7,1.0222858311183807,,9.49,135.0
黑龙江省,2019,42.16,232.88,37313.0,5011.56,19989.0,13962.5,13125.0,4144.0,0.84,53.6,35.2,1.0499552372426142,,9.54,146.6
黑龙江省,2020,42.98,265.2,43252.0,5449.41,28475.0,14000.1,13163.0,4598.0,0.79,65.8,30.4,1.2371340204712822,,9.55,173.2
黑龙江省,2021,43.52,350.14,47577.0,5104.81,38884.0,15292.8,15018.0,6337.0,0.85,81.7,31.6,1.2724942456580874,,9.64,194.6
黑龙江省,2022,46.47,460.18,49027.0,5451.99,36551.0,16359.2,14770.0,8519.0,0.85,74.6,30.1,1.3313609467455623,,9.7,217.8
黑龙江省,2023,49.41,112.88,47168.0,5776.44,27588.0,16470.7,14726.0,8035.0,0.86,58.5,31.2,,,9.71,
黑龙江省,2024,,130.29,51211.0,6454.54,28067.0,16478.1,16248.0,7863.0,,54.8,31.7,1.5147377428222915,16530.0,9.71,249.6
